{
    "F": {
        "1": 0.5185621017869861,
        "2": 0.7488451668767366,
        "3": 0.47486060465754587,
        "4": -0.09605531204484308,
        "5": 0.4066857601374032,
        "6": 0.18651655386206611,
        "7": -0.18634114276802594,
        "8": 4.4881724623185395,
        "9": 1.1245836953880994,
        "10": -0.6766620918108233,
        "11": -0.4341025010240096,
        "12": -0.701594369502704,
        "13": 0.6106401472152587,
        "14": 0.0984391693588611,
        "15": 1.0331177360539354,
        "16": 2.270345983001226,
        "17": -0.7505579987844495,
        "18": 0.14500613380255012,
        "19": 0.037655991206351214,
        "20": -0.36961818303481575,
        "21": 0.32108919879514275,
        "22": 0.8230501093875944,
        "23": -0.536248019666373,
        "24": -1.2602359723178322,
        "25": 2.445472241222835,
        "26": -0.28092953978670754,
        "27": 1.8273217909028139,
        "28": -0.05412876948697054,
        "29": 0.8064144652196732,
        "30": 0.1301181152147013,
        "31": 0.22736389543686286,
        "32": 3.7311179848673546,
        "33": 4.1372120893072335,
        "34": 3.758421808856386,
        "35": 0.9990070028192033,
        "36": -0.1875729229072367,
        "37": -0.7839374830503605,
        "38": 0.31300242142364176
    },
    "M": {
        "1": 0.8482197387232295,
        "2": 0.511421788010086,
        "3": 1.0848721292050807,
        "4": 6.180350649331993,
        "5": -0.1821656968830503,
        "6": -1.1705168065809595,
        "7": -0.1751265344899373,
        "8": 1.0529890935335775,
        "9": 0.22053642384620264,
        "10": -0.3599188199245883,
        "11": 0.1151807926537165,
        "12": 7.599716065271047,
        "13": -0.5053164833957586,
        "14": 0.23116159466731823,
        "15": 1.50036613349093,
        "16": -0.23202752838796314,
        "17": 0.7119576467163089,
        "18": 0.041104037926751325,
        "19": 0.1882154315363853,
        "20": 5.256570166227721,
        "21": -0.2404607599849733,
        "22": 0.6759682395618283,
        "23": 0.059436592116036024,
        "24": 0.022840023191735837,
        "25": 0.58596015032834,
        "26": 0.4175030716978041,
        "27": 1.85670462536324,
        "28": 6.2569413996025585,
        "29": -0.302167928801365,
        "30": 0.19583620204202168,
        "31": 0.0892753409411835,
        "32": 0.19078893943293185,
        "33": 0.9896316142198511,
        "34": 0.6115377079011322,
        "35": 0.36259292383278074,
        "36": 0.09826346846495904,
        "37": -1.830939105752421,
        "38": 0.03981503659961305
    },
    "A": {
        "1": 0.6236627882277208,
        "2": 0.3520159795065241,
        "3": 5.785612273772232,
        "4": -0.20295323740877347,
        "5": -0.5522119504519765,
        "6": 0.0913550672141259,
        "7": 0.5125348201557953,
        "8": 0.45075615171606476,
        "9": 0.2725264182529177,
        "10": -0.1057850220224461,
        "11": 3.9977983332621094,
        "12": 0.26853787515976535,
        "13": 0.8737508013989688,
        "14": 0.17417314098455072,
        "15": -0.018734132095955758,
        "16": -0.14887443399368294,
        "17": 0.12421950859991338,
        "18": -0.2763600695751547,
        "19": 4.858087404552668,
        "20": 0.05815533458153954,
        "21": 0.06729241102426542,
        "22": 0.12630042173222922,
        "23": 0.16551931757282023,
        "24": -0.22815396996415505,
        "25": 1.2671353042426088,
        "26": -0.342798834460067,
        "27": 5.120480596948436,
        "28": 0.3281650627166419,
        "29": 0.15948171669733258,
        "30": 0.24954608868160078,
        "31": 0.001576948143905188,
        "32": 0.021533025942924056,
        "33": 0.5428669001527151,
        "34": 0.14102793998309116,
        "35": 1.0858694554217418,
        "36": 0.596326283682833,
        "37": -1.184991208591649,
        "38": 0.043881613809323206
    },
    "L": {
        "1": 0.4834852418911819,
        "2": 0.672109898251045,
        "3": 2.1877866155624703,
        "4": -0.448608042188372,
        "5": 3.3385754281131668,
        "6": -0.4101193605841189,
        "7": 0.6313044895707318,
        "8": 1.030704114115339,
        "9": 0.847392494862615,
        "10": -0.11394818801010498,
        "11": 0.14111128007797458,
        "12": 1.0402697922070843,
        "13": 5.5068636065982055,
        "14": 0.012735394795325927,
        "15": 0.7844439276885611,
        "16": -0.43268335106731115,
        "17": 0.9625022751415582,
        "18": -0.7681625955400246,
        "19": 0.15652332484660247,
        "20": -0.030990516673584878,
        "21": 3.9602639600983025,
        "22": 0.46760249863051895,
        "23": -0.21422216270164274,
        "24": -0.07407000521012175,
        "25": 2.1533009252709663,
        "26": -0.09405550342708224,
        "27": 2.333358132902256,
        "28": 0.8964272112338039,
        "29": 4.098957760274551,
        "30": -0.050910326554232554,
        "31": 0.05673286269045352,
        "32": -0.05985865532844947,
        "33": 0.762799494295944,
        "34": 0.4183121544472832,
        "35": 1.4480142587630036,
        "36": 0.4249958277160646,
        "37": -1.39449526956609,
        "38": 0.2998046529173468
    }
}